Antony,Jackson,Natwest Bankline,Unknown,Smithy,Allison,Halifax,Unknown,290.21,30/01/2024 05:18pm,2024,17,18
Blud Clue,Surname,Natwest Bankline,Unknown,Whatever,Else,Other Bank Name,Unknown,48.15,05/01/2024 05:15pm,2024,17,15
Blud Clue,Surname,Natwest Bankline,Unknown,Whatever,Else,Other Bank Name,Unknown,48.15,05/12/2023 05:15pm,2023,17,15
Blud Clue,Surname,Natwest Bankline,Unknown,Whatever,Else,Other Bank Name,Unknown,48.15,05/12/2023 04:15pm,2023,16,15
Edwin,Antony,Natwest Bankline,EDW784,Edwin,Antony,Comptes,EDW788,48.5,03/01/2024 05:15pm,2024,17,15
Edwin,Antony,Natwest Banklline,EDW784,Edwin,Antony,Comptes Bankline,EDW788,45.8,03/01/2024 05:15pm,2024,17,15
Edwin,Antony,HSBC,Unknown,Edwin,Antony,Comptes,Unknown,48.15,05/01/2024 05:15pm,2024,17,15
Edwin,Antony,HSBC,Unknown,Edwin,Antony,Comptes,Unknown,48.15,05/01/2024 ,2024,17,15
Edwin,Antony,Bank Name,Unknown,Edwin,Antony,Halifax Bank Name,Unknown,4390.32,05/01/2024 05:15pm,2024,17,15
Edwin,Antony,Natwest Bankline,Unknown,Edwin,Antony,Comptes Bankling,Unknown,329.23,05/01/2024 05:18pm,2024,17,18
Edwin,Antony,Natwest Bankline,Unknown,Edwin,Antony,Comptes bankline,Unknown,48.15,06/01/2024 05:59pm,2024,17,59
Edwin,Antony,Natwest Bankline,Unknown,Edwin,Antony,Comptes,Unknown,4582.12,08/01/2025 05:18am,2025,5,18
Edwin,Antony,Natwest Bankline,Unknown,Edwin,Antony,Comptes Bankline,Unknown,482.15,09/01/2024 05:18pm,2024,17,18
Edwin,Antny,Natwest Bankline,Unknown,Edwin,Antony,Comptes Banking,Unknown,,09/01/2024 05:15pm,2024,17,15
Edwin,Antony,Natwest Bankline,Unknown,Edwin,Antony,Comptes,Unknown,48.5,09/01/2024 05:29pm,2024,17,29
Edwin,Antony,Natwest Bankline,Unknown,Edwin,Antony,Natwest Bankline,Unknown,48.5,09/01/2024 05:29pm,2024,17,29
Edwin,Antony,Natwest Bankline,Unknown,Edwin,Antony,Natwest Bankline,Unknown,48.5,09/01/2024 05:29pm,2024,17,29
Edwin,Antony,Natwest Bankline,Unknown,Edwin,Antony,Comptes Bankline,Unknown,,09/01/2024 05:15pm,2024,17,15
Edwin,Antony,Natwest Bankline,Unknown,Edwin,Antony,Comptes Bankline,Unknown,48.15,09/01/2024 05:15pm,2024,17,15
Edwin,Antony,Natwest Bankline,Unknown,Smooth,James,Comptes Banking,Unknown,48.5,09/01/2024 05:34pm,2024,17,34
Edwin,Antony,Natwest Bankline,Unknown,Smooth,James,Comptes Banking,Unknown,,09/01/2024 05:34pm,2024,17,34
Edwin,Antony,Natwest Bankline,Unknown,Smooth,James,Comptes Banking,Unknown,,09/01/2024 05:34pm,2024,17,34
Edwin,Antony,Natwest Bankline,Unknown,Edwin,Something Else,Comptes Bankline,Unknown,48.5,09/01/2024 05:15pm,2024,17,15
Edwin,Antony,Natwest Bankline,Unknown,Edwin,Something Else,Comptes Bankline,Unknown,,09/01/2024 05:15pm,2024,17,15
Edwin,Antony,Natwest Bankline,Unknown,Edwin,Something Else,Comptes Bankline,Unknown,,09/01/2024 05:15pm,2024,17,15
Edwin,Antony,Natwest Bankline,Unknown,Smithers,Philippe,Comptes Bankline,EDW785,48.31,10/01/2024 05:15pm,2024,17,15
Edwin,Antony,Natwest Bankline,Unknown,SMITHER,Antony,Halifax Bankline,SMITH874,48.15,10/01/2024 05:15pm,2024,17,15
Edwin,Antony,Natwest Bankline,Unknown,Who,What,Comptes,Unknown,482.12,30/01/2024 05:15pm,2024,17,15
Edwin,Antony,Natwest Bankline,Unknown,Bakus Nair,Form,Comptes,Unknown,4892.12,30/01/2024 11:59pm,2024,23,59
Edwin,Antony,Natwest Bankline,Unknown,Impressive,Amazing,Comptes,Unknown,48.3,30/01/2024 05:15pm,2024,17,15
First Name,Surname,Natwest Bankline,Unknown,Something,Else,Other Bank Name,Unknown,48.15,05/01/2024 05:15pm,2024,17,15
Smithy,Allision,Natwest Bankline,Unknown,Bone,Bab,Comptes,Unknown,482.1,30/01/2024 05:15pm,2024,17,15
Someone Else,Surname,Natwest Bankline,Unknown,Something,Else,Other Bank Name,Unknown,48.15,05/01/2024 05:15pm,2024,17,15
